Date,Name,Year,Letterboxd URI
2021-05-01,The Hangover Part II,2011,https://boxd.it/PZI
2021-05-01,Diary of a Wimpy Kid,2010,https://boxd.it/1fUa
2021-05-01,The Hangover,2009,https://boxd.it/1GjK
2021-05-01,The Player,1992,https://boxd.it/1WlM
2021-05-01,Fermat's Room,2007,https://boxd.it/22Ue
2021-05-01,Enemy at the Gates,2001,https://boxd.it/29s2
2021-05-01,The Celebration,1998,https://boxd.it/2aCM
2021-05-01,Heat,1995,https://boxd.it/2bg8
2021-05-01,Good Time,2017,https://boxd.it/fcFu
2021-05-01,Guns Akimbo,2019,https://boxd.it/gkFu
2021-05-01,Nobody,2021,https://boxd.it/mLqS
2021-05-01,Riders of Justice,2020,https://boxd.it/oHQc
2021-05-01,The Kid Detective,2020,https://boxd.it/r0qm
2021-05-01,(500) Days of Summer,2009,https://boxd.it/1EmM
2021-05-01,Jeepers Creepers,2001,https://boxd.it/1ZAg
2021-05-01,Raising Arizona,1987,https://boxd.it/2avQ
2021-05-01,A Million Ways to Die in the West,2014,https://boxd.it/5H9k
2021-05-01,The Intern,2015,https://boxd.it/7AOE
2021-05-01,Nymphomaniac: Vol. I,2013,https://boxd.it/7DiG
2021-05-01,Nocturnal Animals,2016,https://boxd.it/bkFu
2021-05-01,Triple Threat,2019,https://boxd.it/g2ke
2021-05-01,Upgrade,2018,https://boxd.it/i4gW
2021-05-01,Freaky,2020,https://boxd.it/ka42
2021-05-01,Nomadland,2020,https://boxd.it/lnRy
2021-05-01,Zack Snyder's Justice League,2021,https://boxd.it/tLOk
2021-05-01,The Confession,1970,https://boxd.it/f0k
2021-05-01,The Invention of Lying,2009,https://boxd.it/1zGs
2021-05-01,Missing,1982,https://boxd.it/1LTI
2021-05-01,Timecrimes,2007,https://boxd.it/1OGM
2021-05-01,Lilya 4-ever,2002,https://boxd.it/1SyW
2021-05-01,John Tucker Must Die,2006,https://boxd.it/1Z2S
2021-05-01,About Time,2013,https://boxd.it/43bI
2021-05-01,Mommy,2014,https://boxd.it/7Uau
2021-05-01,Split,2016,https://boxd.it/dgSy
2021-05-01,Soul,2020,https://boxd.it/ioLA
2021-05-01,The Vast of Night,2019,https://boxd.it/kJyc
2021-05-01,Another Round,2020,https://boxd.it/lkba
2021-05-01,I Care a Lot,2020,https://boxd.it/mcHk
2021-05-01,Killing Them Softly,2012,https://boxd.it/IQ
2021-05-01,The Working Class Goes to Heaven,1971,https://boxd.it/pCe
2021-05-01,The Conjuring,2013,https://boxd.it/4sr2
2021-05-01,The Conjuring 2,2016,https://boxd.it/7GJg
2021-05-01,Sorry to Bother You,2018,https://boxd.it/f21E
2021-05-01,Sound of Metal,2019,https://boxd.it/i7Q4
2021-05-01,Knives Out,2019,https://boxd.it/jWEA
2021-05-01,Struggle: The Life and Lost Art of Szukalski,2018,https://boxd.it/kIiW
2021-05-01,The Invisible Man,2020,https://boxd.it/kWlA
2021-05-01,The Call,2020,https://boxd.it/l94W
2021-05-01,Tenet,2020,https://boxd.it/leq4
